{"cameraMode":{"drawMode":0,"name":"Shaded","section":"Shading Mode"},"sceneLighting":true,"audioPlay":false,"sceneViewState":{"showFog":true,"showMaterialUpdate":false,"showSkybox":true,"showFlares":true,"showImageEffects":true,"showParticleSystems":true},"in2DMode":false,"pivot":{"x":-0.701786994934082,"y":-1.7418458461761475,"z":0.1977100372314453},"rotation":{"x":-0.2441074252128601,"y":-0.7341156005859375,"z":0.3320824205875397,"w":-0.5396456122398377},"size":6.527030944824219,"orthographic":false}